<?xml version="1.0" encoding="utf-8"?>
<install version="1.5" type="template">
	<name>axe_industrial</name>
	<version>1.0.0</version>
	<creationDate>04/10/2008</creationDate>
	<author>Spy2furious</author>
	<authorEmail>spy2furious@gmail.com</authorEmail>
	<authorUrl>www.joomlaxe.com</authorUrl>
	<copyright>2008 (c) JoomlAxe.com</copyright>
	<license>GPU/GPL</license>
	<description>Axe Industrial is free template from www.joomlaxe.com, for template guide and the other free clean, elegant, and pro joomla template  please visit www.joomlaxe.com</description>
	<files>
		<filename>index.php</filename>
		<filename>index.html</filename>
		<filename>templateDetails.xml</filename>
		<filename>template_thumbnail.png</filename>
		<filename>params.ini</filename>
		<filename>favicon.ico</filename>
		
		<filename>images/index.html</filename>
		<filename>images/bg-components.gif</filename>
		<filename>images/bg-content.gif</filename>
		<filename>images/bg-footer.gif</filename>
		<filename>images/bg-footer-grad.gif</filename>
		<filename>images/bg-header.gif</filename>
		<filename>images/bg-header-grad.gif</filename>
		<filename>images/bg-headings-two.gif</filename>
		<filename>images/bg-search.gif</filename>
		<filename>images/bg-searchinput.gif</filename>
		<filename>images/button.gif</filename>
		
		<filename>images/menunav-bg.gif</filename>
		<filename>images/menunav-bg-hover.gif</filename>
		<filename>images/readmore.gif</filename>
		<filename>images/rightcolumn-bg.gif</filename>
		
		<filename>images/bg-headings.png</filename>
		<filename>images/compressed.png</filename>
		<filename>images/download-bg.png</filename>
		<filename>images/excel.png</filename>
		<filename>images/flash.png</filename>
		<filename>images/icon-error.png</filename>
		<filename>images/icon-info.png</filename>
		<filename>images/icon-tips.png</filename>
		<filename>images/indent1.png</filename>
		<filename>images/logo.png</filename>
		<filename>images/menu-bg.png</filename>
		<filename>images/menu-bg-hover.png</filename>
		<filename>images/music.png</filename>
		<filename>images/pdf.png</filename>
		<filename>images/powerpoint.png</filename>
		<filename>images/quicktime.png</filename>
		<filename>images/shadow.png</filename>
		<filename>images/sticky-bg.png</filename>
		<filename>images/word.png</filename>
		
		
		<filename>css/index.html</filename>
		<filename>css/template.css</filename>
		<filename>css/joomla_css.css</filename>
		<filename>css/suffix.css</filename>
		<filename>css/collapse.css</filename>
		<filename>css/typo.css</filename>
	</files>
	
	<positions>
		<position>breadcrumb</position>
		<position>search</position>
		<position>right</position>
		<position>top</position>
		<position>user1</position>
		<position>user2</position>
		<position>user3</position>
		<position>user4</position>
		<position>user5</position>
		<position>user6</position>
		<position>user7</position>
		<position>user8</position>
	</positions>
</install>
