﻿<?xml version="1.0" encoding="utf-8"?>
<install type="template" version="1.5">
  <name>mp_woffice</name>
  <creationDate>2009-04-10</creationDate>
  <version>1.0</version>
  <author>Mass &amp; Pfeffer, Web- und Grafikfreelancer</author>
  <authorUrl>http://www.massundpfeffer.ch</authorUrl>
  <description>Ein einfaches Joomla 1.5 Template von Mass &amp; Pfeffer. Bitte beachten Sie die unter Creative Commons stehende Lizenzierung, sowie die Bestimmungen zur Entfernung des Footer-Links. Zu diesem Template leisten wir keinen Support. Infos auf www.massundpefffer.ch </description>
  <files>
    <fileName>functions.php</fileName>
    <fileName>index.html</fileName>
    <fileName>index.php</fileName>
    <fileName>params.ini</fileName>
    <fileName>ReadMe.txt</fileName>
    <fileName>html/index.html</fileName>
    <fileName>html/modules.php</fileName>
    <fileName>html/com_contact/index.html</fileName>
    <fileName>html/com_contact/category/default.php</fileName>
    <fileName>html/com_contact/category/index.html</fileName>
    <fileName>html/com_contact/contact/default.php</fileName>
    <fileName>html/com_contact/contact/default_form.php</fileName>
    <fileName>html/com_contact/contact/index.html</fileName>
    <fileName>html/com_content/index.html</fileName>
    <fileName>html/com_content/archive/default.php</fileName>
    <fileName>html/com_content/archive/default_items.php</fileName>
    <fileName>html/com_content/archive/index.html</fileName>
    <fileName>html/com_content/article/default.php</fileName>
    <fileName>html/com_content/article/form.php</fileName>
    <fileName>html/com_content/article/index.html</fileName>
    <fileName>html/com_content/category/blog.php</fileName>
    <fileName>html/com_content/category/blog_item.php</fileName>
    <fileName>html/com_content/category/default.php</fileName>
    <fileName>html/com_content/category/default_items.php</fileName>
    <fileName>html/com_content/category/index.html</fileName>
    <fileName>html/com_content/frontpage/default.php</fileName>
    <fileName>html/com_content/frontpage/default_item.php</fileName>
    <fileName>html/com_content/frontpage/index.html</fileName>
    <fileName>html/com_content/section/blog.php</fileName>
    <fileName>html/com_content/section/blog_item.php</fileName>
    <fileName>html/com_content/section/default.php</fileName>
    <fileName>html/com_content/section/index.html</fileName>
    <fileName>html/com_newsfeeds/index.html</fileName>
    <fileName>html/com_newsfeeds/categories/default.php</fileName>
    <fileName>html/com_newsfeeds/categories/index.html</fileName>
    <fileName>html/com_newsfeeds/category/default.php</fileName>
    <fileName>html/com_newsfeeds/category/index.html</fileName>
    <fileName>html/com_newsfeeds/newsfeed/default.php</fileName>
    <fileName>html/com_newsfeeds/newsfeed/index.html</fileName>
    <fileName>html/com_poll/index.html</fileName>
    <fileName>html/com_poll/poll/default.php</fileName>
    <fileName>html/com_poll/poll/index.html</fileName>
    <fileName>html/com_search/index.html</fileName>
    <fileName>html/com_search/search/default.php</fileName>
    <fileName>html/com_search/search/index.html</fileName>
    <fileName>html/com_user/index.html</fileName>
    <fileName>html/com_user/login/default_login.php</fileName>
    <fileName>html/com_user/login/default_logout.php</fileName>
    <fileName>html/com_user/login/index.html</fileName>
    <fileName>html/com_user/register/default.php</fileName>
    <fileName>html/com_user/register/index.html</fileName>
    <fileName>html/com_user/remind/default.php</fileName>
    <fileName>html/com_user/remind/index.html</fileName>
    <fileName>html/com_user/reset/complete.php</fileName>
    <fileName>html/com_user/reset/confirm.php</fileName>
    <fileName>html/com_user/reset/default.php</fileName>
    <fileName>html/com_user/reset/index.html</fileName>
    <fileName>html/com_user/user/default.php</fileName>
    <fileName>html/com_user/user/form.php</fileName>
    <fileName>html/com_user/user/index.html</fileName>
    <fileName>html/com_weblinks/index.html</fileName>
    <fileName>html/com_weblinks/categories/default.php</fileName>
    <fileName>html/com_weblinks/categories/index.html</fileName>
    <fileName>html/com_weblinks/category/default.php</fileName>
    <fileName>html/com_weblinks/category/index.html</fileName>
    <fileName>html/com_weblinks/weblink/form.php</fileName>
    <fileName>html/com_weblinks/weblink/index.html</fileName>
    <fileName>html/com_wrapper/index.html</fileName>
    <fileName>html/com_wrapper/wrapper/default.php</fileName>
    <fileName>html/com_wrapper/wrapper/index.html</fileName>
    <fileName>html/mod_mainmenu/default.php</fileName>
    <fileName>html/mod_syndicate/default.php</fileName>
    <fileName>script.js</fileName>
    <fileName>images/spacer.gif</fileName>
    <fileName>templateDetails.xml</fileName>
  </files>
  <images>
    <fileName>template_thumbnail.png</fileName>
    <fileName>images/Page-BgTexture.jpg</fileName>
    <fileName>images/Page-BgGradient.jpg</fileName>
    <fileName>images/Page-BgGlare.png</fileName>
    <fileName>images/Sheet-s.png</fileName>
    <fileName>images/Sheet-h.png</fileName>
    <fileName>images/Sheet-v.png</fileName>
    <fileName>images/nav.png</fileName>
    <fileName>images/MenuItem.png</fileName>
    <fileName>images/subitem-bg.png</fileName>
    <fileName>images/Block-s.png</fileName>
    <fileName>images/Block-h.png</fileName>
    <fileName>images/Block-v.png</fileName>
    <fileName>images/Block-c.png</fileName>
    <fileName>images/BlockHeader.png</fileName>
    <fileName>images/BlockContentBullets.png</fileName>
    <fileName>images/PostBullets.png</fileName>
    <fileName>images/PostQuote.png</fileName>
    <fileName>images/Button.png</fileName>
    <fileName>images/Footer.png</fileName>
    <fileName>images/livemarks.png</fileName>
  </images>
  <css>
    <fileName>css/editor.css</fileName>
    <fileName>css/template.ie6.css</fileName>
    <fileName>css/template.ie7.css</fileName>
    <fileName>css/template.css</fileName>
  </css>
  <positions>
    <position>breadcrumb</position>
    <position>left</position>
    <position>right</position>
    <position>syndicate</position>
    <position>banner1</position>
    <position>banner2</position>
    <position>banner3</position>
    <position>banner4</position>
    <position>banner5</position>
    <position>banner6</position>
    <position>top1</position>
    <position>top2</position>
    <position>top3</position>
    <position>bottom1</position>
    <position>bottom2</position>
    <position>bottom3</position>
    <position>user1</position>
    <position>user2</position>
    <position>user4</position>
    <position>user5</position>
    <position>copyright</position>
    <position>user3</position>
  </positions>
</install>