<?xml version="1.5" encoding="utf-8"?>
<install version="1.5" type="template">
	<name>GreenDream2-tg</name>
	<version>1.5.1</version>
	<creationDate>2010/10/29</creationDate>
	<author>TG</author>
	<authorEmail>http://www.themegoat.com/contact-us</authorEmail>
	<authorUrl>http://www.themegoat.com</authorUrl>
	<copyright></copyright>
	<license>Creative commons</license>
	<description>GreenDream2-tg - Quality template by Themegoat.com</description>
	<files>
		<filename>index.php</filename>
		<filename>index.html</filename>
		<filename>favicon.ico</filename>
		<filename>params.ini</filename>
		<filename>template_thumbnail.png</filename>
		<filename>templateDetails.xml</filename>
		<folder>html/</folder>
		<folder>css/</folder>
		<folder>images/</folder>
	</files>
	<positions>
		<position>breadcrumbs</position>
		<position>left</position>
		<position>right</position>
		<position>tg-advert1</position>
		<position>tg-user1</position>
		<position>tg-tg</position>
		<position>tg-user3</position>
		<position>tg-user4</position>
		<position>user1</position>
		<position>tg</position>
		<position>user3</position>
		<position>footer</position>
		<position>hornav</position>
	</positions>
</install>