<?xml version="1.0" encoding="iso-8859-1"?>
<sobi2lang>
	<language>english</language>
	<author>SOBI2 Developer Team</author>
	<creationDate>November 2008</creationDate>
	<copyright>(C) 2008 Sigsiu.NET</copyright>
	<license>http://www.gnu.org/copyleft/gpl.html GNU/GPL</license>
	<authorEmail>sobi@sigsiu.net</authorEmail>
	<authorUrl>www.Sigsiu.NET</authorUrl>
	<version>RC 2.9.0.2</version>
	<files>
		<front_file>english.php</front_file>
		<backend_file>admin.english.php</backend_file>
		<flag_img>english.gif</flag_img>
		<about_file>english.html</about_file>
	</files>
</sobi2lang>
