<?xml version="1.0" encoding="utf-8"?>
<!DOCTYPE install PUBLIC "-//Joomla! 1.5//DTD template 1.0//EN" "http://dev.joomla.org/xml/1.5/template-install.dtd">
<install version="1.5" type="template">
	<name>NLD_038_15_v2</name>
	<creationDate>07/04/09</creationDate>
	<author>Kub</author>
	<authorEmail>contact@next-level-design.de</authorEmail>
	<authorUrl>http://www.next-level-design.de</authorUrl>
	<copyright></copyright>
	<license>GNU/GPL</license>
	<version>2.0</version>
	<description>Do not remove the Scriptlink and the Copyright.</description>
<files>
	<filename>css/index.html</filename>
	<filename>css/template_black_bg.css</filename>
	<filename>css/template_blue.css</filename>
	<filename>css/template_blue_bg.css</filename>
	<filename>css/template_default.css</filename>
	<filename>css/template_green_bg.css</filename>
	<filename>css/template_orange.css</filename>
	<filename>css/template_orange_bg.css</filename>
	<filename>css/template_red.css</filename>
	<filename>css/template_red_bg.css</filename>
	<filename>css/template_white.css</filename>
	<filename>css/template_white_bg.css</filename>
	<filename>html/index.html</filename>
	<filename>html/modules.php</filename>
	<filename>html/pagination.php</filename>
	<filename>images/arrow.png</filename>
	<filename>images/body_outer_bottom.png</filename>
	<filename>images/body_outer_top.png</filename>
	<filename>images/content.png</filename>
	<filename>images/content_bottom.png</filename>
	<filename>images/des_blu.png</filename>
	<filename>images/des_blu_hover.png</filename>
	<filename>images/des_def.png</filename>
	<filename>images/des_def_hover.png</filename>
	<filename>images/des_ora.png</filename>
	<filename>images/des_ora_hover.png</filename>
	<filename>images/des_red.png</filename>
	<filename>images/des_red_hover.png</filename>
	<filename>images/des_whi.png</filename>
	<filename>images/des_whi_hover.png</filename>
	<filename>images/emailbutton.png</filename>
	<filename>images/indent1.png</filename>
	<filename>images/indent2.png</filename>
	<filename>images/indent3.png</filename>
	<filename>images/indent4.png</filename>
	<filename>images/index.html</filename>
	<filename>images/left_bottom.png</filename>
	<filename>images/left_top.png</filename>
	<filename>images/pdf_button.png</filename>
	<filename>images/printbutton.png</filename>
	<filename>images/blue/button_top.png</filename>
	<filename>images/blue/button_top_hover.png</filename>
	<filename>images/blue/header.png</filename>
	<filename>images/blue/index.html</filename>
	<filename>images/blue/menu_top.png</filename>
	<filename>images/blue/sitename.png</filename>
	<filename>images/default/button_top.png</filename>
	<filename>images/default/button_top_hover.png</filename>
	<filename>images/default/header.png</filename>
	<filename>images/default/index.html</filename>
	<filename>images/default/menu_top.png</filename>
	<filename>images/default/sitename.png</filename>
	<filename>images/orange/button_top.png</filename>
	<filename>images/orange/button_top_hover.png</filename>
	<filename>images/orange/header.png</filename>
	<filename>images/orange/index.html</filename>
	<filename>images/orange/menu_top.png</filename>
	<filename>images/orange/sitename.png</filename>
	<filename>images/red/button_top.png</filename>
	<filename>images/red/button_top_hover.png</filename>
	<filename>images/red/header.png</filename>
	<filename>images/red/index.html</filename>
	<filename>images/red/menu_top.png</filename>
	<filename>images/red/sitename.png</filename>
	<filename>images/white/button_top.png</filename>
	<filename>images/white/button_top_hover.png</filename>
	<filename>images/white/header.png</filename>
	<filename>images/white/index.html</filename>
	<filename>images/white/menu_top.png</filename>
	<filename>images/white/sitename.png</filename>
	<filename>js/design.js</filename>
	<filename>js/stchanger.js</filename>
	<filename>js/index.html</filename>
	<filename>component.php</filename>
	<filename>designer.php</filename>
	<filename>designer_load.php</filename>
	<filename>favicon.ico</filename>
	<filename>index.html</filename>
	<filename>index.php</filename>
	<filename>params.ini</filename>
	<filename>templateDetails.xml</filename>
	<filename>template_thumbnail.png</filename>
</files>
<positions>
	<position>left</position>
	<position>right</position>
	<position>top</position>
	<position>user1</position>
	<position>user2</position>
	<position>user3</position>
	<position>user4</position>
	<position>user5</position>
	<position>user6</position>
	<position>user7</position>
	<position>user8</position>
	<position>user9</position>
	<position>footer</position>
	<position>debug</position>
	<position>syndicate</position>
</positions>
<params>
		<param name="colorVariation" type="list" default="Blue" label="Color Variation" description="Color variation to use">
			<option value="template_default">Green</option>
			<option value="template_white">White</option>
			<option value="template_blue">Blue</option>
			<option value="template_orange">Orange</option>
			<option value="template_red">Red</option>
		</param>
		<param name="backgroundVariation" type="list" default="White" label="Background Variation" description="Background color variation to use">
			<option value="template_white_bg">White</option>
			<option value="template_black_bg">Black</option>
			<option value="template_green_bg">Green</option>
			<option value="template_blue_bg">Blue</option>
			<option value="template_orange_bg">Orange</option>
			<option value="template_red_bg">Red</option>
		</param>
		
</params>
</install>