<?xml version="1.0" encoding="utf-8"?>
<install version="1.5" type="template">
	<name>a4joomla-Minimalist-H1-free</name>
	<author>a4joomla</author>
	<copyright>Copyright 2010 a4joomla.com</copyright>
	<license>Creative Commons</license>
	<authorEmail>admin@a4joomla.com</authorEmail>
	<authorUrl>www.a4joomla.com</authorUrl>
	<version>1.0</version>
	<description>
	<![CDATA[
	<h1>a4joomla Minimalist H1 free</h1>
	<a rel="license" href="http://creativecommons.org/licenses/by-nc-sa/3.0/">
	<img alt="Creative Commons License" style="border-width:0" src="http://i.creativecommons.org/l/by-nc-sa/3.0/88x31.png" /></a><br />This work by <a xmlns:cc="http://creativecommons.org/ns#" href="http://a4joomla.com" property="cc:attributionName" rel="cc:attributionURL">a4joomla.com</a> is licensed under a <a rel="license" href="http://creativecommons.org/licenses/by-nc-sa/3.0/">Creative Commons Attribution-Noncommercial-Share Alike 3.0 Unported License</a>.<br />
	<p style="color: red; font-weight: bold; font-size: 13px;">The professional version can be purchased at <a href="http://a4joomla.com/">a4joomla.com</a>.</p>
	<img src="../templates/a4joomla-minimalist-h1-free/template_thumbnail.png" align="left" style="margin-right:5px;" />
	]]> 
	</description>
	<creationDate>November 2010</creationDate>
<files>
  <filename>index.php</filename>
  <filename>params.ini</filename>
  <filename>templateDetails.xml</filename>
  <filename>iepngfix.htc</filename>
  <filename>template_thumbnail.png</filename>
  <folder>js/</folder>
  <folder>css/</folder>
  <folder>images/</folder>
  <folder>html/</folder>
</files>
<positions>                          
<position>left</position> 
<position>breadcrumb</position>           
<position>right</position>             
<position>footer</position>
<position>user3</position>
</positions>          
<params>
<param name="logoText" type="text" default="Minimalist-H1" label="Logo text" description="Logo text"/>
<param name="pageWidth" type="text" default="960" label="Page Width in px (e.g. 960)" description="Set the page width in pixel (e.g. 960)"/>
<param name="rightColumnWidth" type="text" default="200" label="Right Column Width in px (e.g. 200)" description="Set the right column width in pixel (e.g. 200)"/>
<param name="leftColumnWidth" type="text" default="200" label="Left Column Width in px (e.g. 200)" description="Set the left column width in pixel (e.g. 200)"/>
<param name="logoWidth" type="text" default="300" label="Logo Width in px (e.g. 300)" description="Width of your logo text in px"/>
</params>
</install>
