﻿<?xml version="1.0" encoding="utf-8"?>
<install type="template" version="1.5">
  <name>candle1</name>
  <creationDate>2009-07-02</creationDate>
  <version>1.0</version>
  <author></author>
  <authorEmail>tstemplates@gmail.com</authorEmail>
<authorUrl>www.tstemplates.tk</authorUrl>
<license>GNU/GPL</license>

  <description>Enjoy your new free tstemplate, if you remove "created by TStemplates" link please donate 10$ at www.tstemplates.tk
</description>
  <files>
    <fileName>functions.php</fileName>
    <fileName>index.html</fileName>
    <fileName>index.php</fileName>
    <fileName>params.ini</fileName>
    <fileName>ReadMe.txt</fileName>
    <fileName>html/index.html</fileName>
    <fileName>html/modules.php</fileName>
    <fileName>html/com_content/index.html</fileName>
    <fileName>html/com_content/article/default.php</fileName>
    <fileName>html/com_content/article/form.php</fileName>
    <fileName>html/com_content/article/index.html</fileName>
    <fileName>html/com_content/category/blog.php</fileName>
    <fileName>html/com_content/category/blog_item.php</fileName>
    <fileName>html/com_content/category/index.html</fileName>
    <fileName>html/com_content/frontpage/default.php</fileName>
    <fileName>html/com_content/frontpage/default_item.php</fileName>
    <fileName>html/com_content/frontpage/index.html</fileName>
    <fileName>html/com_content/section/blog.php</fileName>
    <fileName>html/com_content/section/blog_item.php</fileName>
    <fileName>html/com_content/section/index.html</fileName>
    <fileName>html/mod_mainmenu/default.php</fileName>
    <fileName>html/mod_mainmenu/index.html</fileName>
    <fileName>html/mod_syndicate/default.php</fileName>
    <fileName>html/mod_syndicate/index.html</fileName>
    <fileName>script.js</fileName>
    <fileName>images/spacer.gif</fileName>
    <fileName>templateDetails.xml</fileName>
  </files>
  <images>
    <fileName>template_thumbnail.png</fileName>
    <fileName>images/Page-BgSimpleGradient.jpg</fileName>
    <fileName>images/Page-BgGlare.png</fileName>
    <fileName>images/Sheet-s.png</fileName>
    <fileName>images/Sheet-h.png</fileName>
    <fileName>images/Sheet-v.png</fileName>
    <fileName>images/Sheet-c.png</fileName>
    <fileName>images/Header.jpg</fileName>
    <fileName>images/nav.png</fileName>
    <fileName>images/MenuItem.png</fileName>
    <fileName>images/MenuSeparator.png</fileName>
    <fileName>images/subitem-bg.png</fileName>
    <fileName>images/Block-s.png</fileName>
    <fileName>images/Block-h.png</fileName>
    <fileName>images/Block-v.png</fileName>
    <fileName>images/BlockHeader.png</fileName>
    <fileName>images/BlockHeaderIcon.png</fileName>
    <fileName>images/BlockContentBullets.png</fileName>
    <fileName>images/Post-s.png</fileName>
    <fileName>images/Post-h.png</fileName>
    <fileName>images/Post-v.png</fileName>
    <fileName>images/PostDateIcon.png</fileName>
    <fileName>images/PostAuthorIcon.png</fileName>
    <fileName>images/edit_unpublished.png</fileName>
    <fileName>images/PostBullets.png</fileName>
    <fileName>images/PostQuote.png</fileName>
    <fileName>images/Button.png</fileName>
    <fileName>images/Footer.png</fileName>
    <fileName>images/edit.png</fileName>
  </images>
  <css>
    <fileName>css/editor.css</fileName>
    <fileName>css/template.ie6.css</fileName>
    <fileName>css/template.ie7.css</fileName>
    <fileName>css/template.css</fileName>
  </css>
  <positions>
    <position>breadcrumb</position>
    <position>left</position>
    <position>right</position>
    <position>syndicate</position>
    <position>banner1</position>
    <position>banner2</position>
    <position>banner3</position>
    <position>banner4</position>
    <position>banner5</position>
    <position>banner6</position>
    <position>top1</position>
    <position>top2</position>
    <position>top3</position>
    <position>bottom1</position>
    <position>bottom2</position>
    <position>bottom3</position>
    <position>user1</position>
    <position>user2</position>
    <position>user4</position>
    <position>user5</position>
    <position>copyright</position>
    <position>user3</position>
  </positions>
</install>